A Sky Full Of Stars,Coldplay," Cause you're a sky Cause you're a sky full of stars I'm gonna give you my heart Cause you're a sky Cause you're a sky full of stars Cause you light up the path  I don't care Go on and tear me apart I don't care if you do, ooh Cause in a sky Cause in a sky full of stars I think I saw you  Cause you're a sky Cause you're a sky full of stars I want to die in your arms, oh Cause you get lighter The more it gets dark I'm gonna give you my heart, oh  And I don't care Go on and tear me apart And I don't care if you do, ooh Cause in a sky Cause in a sky full of stars I think I see you I think I see you  So sky You're a sky full of stars Such heavenly view You're such a heavenly view ",y
Adventure of a Lifetime,Coldplay,"    Turn your magic on Umi she'd say Everything you want's a dream away And we are legends, every day That's what she told me  Turn your magic on, to me she'd say Everything you want's a dream away Under this pressure, under this weight We are diamonds  Now I feel my heart beating I feel my heart underneath my skin And I feel my heart beating Oh, you make me feel Like I'm alive again Alive again Oh, you make me feel Like I'm alive again  Said I can't go on, not in this way I'm a dream that died by light of day Gonna hold up half the sky and say Only I own me  Now I feel my heart beating I feel my heart underneath my skin Oh, I can feel my heart beating Cause you make me feel Like I'm alive again Alive again Oh, you make me feel Like I'm alive again  Turn your magic on, Umi she'd say Everything you want's a dream away Under this pressure, under this weight We are diamonds taking shape We are diamonds taking shape   If we've only got this life This adventure, oh then I And if we've only got this life You'll get me through And if we've only got this life In this adventure, oh then I Want to share it with you With you, with you Yeah I do       ",y
Atlas,Coldplay," Some saw the sun Some saw the smoke Some heard the gun Some bent the bow Sometimes the wire must tense for the note Caught in the fire, say oh We're about to explode  Carry your world I’ll carry your world Carry your world I’ll carry your world  Some far away Some search for gold Some dragon to slay Heaven we hope is just up the road Show me the way, Lord Cause I, I'm about to explode  Carry your world I’ll carry your world Carry your world I’ll carry your world  Carry your world, and all your hurt ",y
Christmas Lights,Coldplay,"Christmas night, another fight Tears we cried a flood Got all kinds of poison in Poison in my blood I took my feet To Oxford Street Trying to right a wrong Just walk away Those windows say But I can't believe she's gone When you're still waiting for the snow to fall Doesn't really feel like Christmas at all Up above candles on air flicker Oh they flicker and they float But I'm up here holding on To all those chandeliers of hope Like some drunken Elvis singing I go singing out of tune Saying how I always loved you darling And I always will Oh when you're still waiting for the snow to fall Doesn't really feel like Christmas at all Still waiting for the snow to fall It doesn't really feel like Christmas at all Those Christmas lights Light up the street Down where the sea and city meet May all your troubles soon be gone Oh Christmas lights keep shining on Those Christmas lights Light up the street Maybe they'll bring her back to me Then all my troubles will be gone Oh Christmas lights keep shining on Oh Christmas lights Light up the street Light up the fireworks in me May all your troubles soon be gone Oh Christmas lights keep shining on",y
Clocks,Coldplay," The lights go out and I can't be saved Tides that I tried to swim against Have brought me down upon my knees Oh I beg, I beg and plead singing Come out of things unsaid Shoot an apple off my head And a trouble that can't be named A tiger's waiting to be tamed singing  You...are... You...are...  Confusion that never stops Closing walls and ticking clocks Gonna come back and take you home I could not stop that you now know singing Come out upon my seas Cursed missed opportunities Am I a part of the cure? Or am I part of the disease? Singing  You...are... You...are... You...are... You...are... You...are... You...are...  And nothing else compares And nothing else compares And nothing else compares  You...are... You...are...   Home Where I wanted to go  Home Where I wanted to go  Home  Where I wanted to go   Home  Where I wanted to go ",y
Every Teardrop is a Waterfall,Coldplay," I turn the music up, I got my records on I shut the world outside until the lights come on Maybe the streets alight, maybe the trees are gone I feel my heart start beating to my favourite song And all the kids they dance, all the kids all night Until Monday morning feels another life I turn the music up I'm on a roll this time And heaven is in sight  I turn the music up, I got my records on From underneath the rubble sing a rebel song Don't want to see another generation drop I'd rather be a comma than a full stop Maybe I'm in the black, maybe I'm on my knees Maybe I'm in the gap between the two trapezes But my heart is beating and my pulses start Cathedrals in my heart  As we saw oh this light I swear you, emerge blinking into To tell me it's alright As we soar walls, every siren is a symphony  And every tear's a waterfall Is a waterfall Oh Is a waterfall Oh oh oh Is a is a waterfall Every tear Is a waterfall Oh oh oh  So you can hurt, hurt me bad But still I'll raise the flag  Oh It was a wa wa wa wa wa-aterfall A wa wa wa wa wa-aterfall Every tear Every tear Every teardrop is a waterfall Every tear Every tear Every teardrop is a waterfall",y
Fix You,Coldplay, When you try your best but you don't succeed When you get what you want but not what you need When you feel so tired but you can't sleep Stuck in reverse  When the tears come streaming down your face When you lose something you can't replace When you love someone but it goes to waste Could it be worse?  Lights will guide you home And ignite your bones And I will try to fix you  And high up above or down below When you're too in love to let it go But if you never try you'll never know Just what you're worth  Lights will guide you home And ignite your bones And I will try to fix you  Tears stream down your face When you lose something you cannot replace Tears stream down your face And I... Tears stream down your face I promise you I will learn from my mistakes Tears stream down your face And I...  Lights will guide you home And ignite your bones And I will try to fix you,y
Hymn For The Weekend,Coldplay,"  And said drink from me, drink from me  That we shoot across the sky Symphony That we shoot across the sky Pour on a... Drink from me, drink from me  That we shoot across the sky Symphony  That we shoot across the sky  Oh, angel sent from up above You know you make my world light up When I was down, when I was hurt You came to lift me up Life is a drink and love's a drug Oh now I think I must be miles up When I was a river dried up You came to rain a flood  And said drink from me, drink from me When I was so thirsty Pour on a symphony Now I just can't get enough Put your wings on me, wings on me When I was so heavy Soaring on symphony When I'm low, low, low, low  I-Oh-I-Oh Got me feeling drunk and high So high, so high Oh-I-Oh-I-Oh Now I’m feeling drunk and high So high, so high    Oh, angel sent from up above I feel it coursing through my blood Life is a drink and your love's about To make the stars come out  Put your wings on me, wings on me When I was so heavy Soaring on symphony When I'm low, low, low, low  I-Oh-I-Oh Got me feeling drunk and high So high, so high Oh-I-Oh-I-Oh I’m feeling drunk and high So high, so high  I-Oh-I-Oh La, la, la, la, la, la, la So high, so high I-Oh-I-Oh I'm feeling drunk and high So high, so high  That we shoot across the sky That we shoot across the... That we shoot across the sky That we shoot across the... That we shoot across the sky That we shoot across the... That we shoot across the sky That we shoot across the... That we shoot across the sky That we shoot across the...",y
Magic,Coldplay," Call it magic, call it true I call it magic when I'm with you And I just got broken, broken into two Still I call it magic, when I'm next to you  And I don't, And I don't, And I don't, And I don't No I don't, it's true I don't, No, I don't, No, I don't, No, I don't Want anybody else but you  And I don't, And I don't, And I don't, And I don't No I don't, it's true I don't, No, I don't, No, I don't, No, I don't Want anybody else but you  Call it magic, cut me into two And with all your magic, I disappear from view And I can't get over, can't get over you Still, I call it magic, such a precious jewel  And I don't, And I don't, And I don't, And I don't No I don't, it's true I don't, No, I don't, No, I don't, No, I don't Want anybody else but you  And I don't, And I don't, And I don't, And I don't No I don't, it's true I don't, No, I don't, No, I don't, No, I don't Want anybody else but you  Wanna fall, fall so far I wanna fall, fall so hard And I call it magic And I call it true I call it magic  And if you were to ask me After all that we've been through Still believe in magic? Yes, I do Yes, I do Yes, I do Yes, I do Of course I do",y
Major Minus,Coldplay," They got one eye watching you One eye on what you do So be careful who it is you're talking to They got one eye watching you One eye on what you do So be careful what it is you're trying to do And be careful if you're walking into view Just be careful if you're walking into view  Ooh ooh ooh, ooh ooh ooh oooh Got one eye on the road and one on you Ooh ooh ooh, ooh ooh ooh oooh Got one eye on the road and one on  They got one eye watching you One eye on what you do So be careful cause nothing they say is true No don't believe a word It's just us against the world And we just got to turn up to be heard Hear the crocodiles ticking round the world Hear the crocodiles ticking, they go ticking round the world  Ooh ooh ooh, ooh ooh ooh oooh Got one eye on the road and one on you Ooh ooh ooh, ooh ooh ooh oooh Got one eye on the road and one on  You could hear them climbing the stairs Got my right side fighting while my left hides under the chairs  Ooh ooh ooh, ooh ooh ooh oooh Got one eye on the road and one on you Ooh ooh ooh, ooh ooh ooh oooh Got one eye on the road and one on",y
Midnight,Coldplay," In the darkness before the dawn In the swirling of the storm When I'm rolling with the punches and hope is gone Leave a light, a light on  Millions of miles from home In the swirling swimming on When I'm rolling with the thunder But bleed from thorns Leave a light, a light on Leave a light, a light on Leave a light, a light on Leave a light, a light on  In the darkness before the dawn In the darkness before the dawn Leave a light, a light on Leave a light, a light on",y
Moving To Mars,Coldplay," Somewhere up above the stars The wreckage of a universe floats past Somewhere up above my heart A tiny little seed is sown, a government is overthrown Who knows when we'll be coming home at last  And I heard it on the radio that one day we'll be living in the stars And I heard it on a TV show that somewhere up above and in my heart They'll be tearing us apart, maybe moving us to Mars We won't see the earth again And the seconds just remain unchanged  8 to 9, 9 to 10 We are meeting for the first time We might never meet again, you and me We are meeting for the first time can't you see 7 6 5 4 3 We are meeting for the first time Singing this space symphony  They'll be tearing us apart, maybe moving us to Mars Past the satellites and stars, they're moving us to Mars",y
Princess of China,Coldplay," Once upon a time somebody ran Somebody ran away saying fast as I can I've got to go, I've got to go!!! Once upon a time we fell apart You're holding in your hands the two halves Of my heart Ohhhhh, ohhhhh! Ohhhhh...  Once upon a time, we burned bright Now all we ever seem to do is fight On and on... And on and on and on... Once upon a time on the same side Once upon a time on the same side, in the Same game And why'd you have to go, have to go and Throw water on my flame  I could've been a princess, you'd be a king Could've had a castle, and worn a ring But no, you let me go I could've been a princess, you'd be a king Could've had a castle, and worn a ring But no, you let me go  And stole my star La, la, la, la, la, la, la, la La, la, la, la, la, la, la, la La, la, la, la, la, la, la, la You stole my star La, la la la la laaaaaa Oooooooh-oh oh oooooooh oh oh oh Ohhhhhhhhh Oooooooh-oh oh oooooooh oh oh oh Ohhhhhhhhh  'Cause you really hurt me No you really hurt me 'Cause you really hurt me No you really hurt me 'Cause you really hurt me Ooooooooh you really hurt me, ooooooooh 'Cause you really hurt me Ooooooooh you really hurt me...",y
Speed of Sound,Coldplay," How long before I get in? Before it starts, before I begin? How long before you decide? Before I know what it feels like? Where to, where do I go? If you never try, then you'll never know How long do I have to climb Up on the side of this mountain of mine?  Look up, I look up at night Planets are moving at the speed of light Climb up, up in the trees Every chance that you get Is a chance you seize How long am I gonna stand With my head stuck under the sand? I'll start before I can stop Before I see things the right way up  All that noise, and all that sound All those places I got found And birds go flying at the speed of sound To show you how it all began Birds came flying from the underground If you could see it then you'd understand  Ideas that you'll never find All the inventors could never design The buildings that you put up Japan and China all lit up The sign that I couldn't read Or a light that I couldn't see Some things you have to believe But others are puzzles, puzzling me  All that noise, and all that sound All those places I got found And birds go flying at the speed of sound To show you how it all began Birds came flying from the underground If you could see it then you'd understand Ah when you see it then you'll understand  All those signs, I knew what they meant Some things you can invent Some get made, and some get sent  Birds go flying at the speed of sound To show you how it all began Birds came flying from the underground If you could see it then you'd understand Ah, when you see it then you'll understand",y
Violet Hill,Coldplay," It was a long and dark December From the rooftops I remember There was snow, white snow Clearly I remember From the windows they were watching While we froze down below When the future's architecture By a carnival of idiots on show You'd better lie low If you love me, won't you let me know?  Was a long and dark December When the banks became cathedrals And a fox became God Priests clutched onto bibles Hollowed out to fit their rifles And the cross was held aloft Bury me in armor When I'm dead and hit the ground My nerves are poles that unfroze And if you love me, won't you let me know?  I don't want to be a soldier Who the captain of some sinking ship Would stow, far below So if you love me, why d'you let me go?  I took my love down to Violet Hill There we sat in snow All that time she was silent still So if you love me, won't you let me know? If you love me, won't you let me know?",y
Viva La Vida,Coldplay," I used to rule the world Seas would rise when I gave the word Now in the morning I sleep alone Sweep the streets I used to own I used to roll the dice, feel the fear in my enemy's eyes Listen as the crowd would sing Now the old King is dead, long live the King One minute I held the key Next the walls were closed on me And I discovered that my castles stand Upon pillars of salt and pillars of sand  I hear Jerusalem bells a-ringing Roman Cavalry choirs are singing Be my mirror, my sword and shield My missionaries in a foreign field For some reason I can't explain Once you go there was never Never an honest word And that was when I ruled the world  It was the wicked and wild wind Blew down the doors to let me in Shattered windows and the sound of drums People couldn't believe what I'd become Revolutionaries wait For my head on a silver plate Just a puppet on a lonely string Oh who would ever want to be king?  I hear Jerusalem bells a-ringing Roman Cavalry choirs are singing Be my mirror, my sword and shield My missionaries in a foreign field For some reason I can't explain I know Saint Peter won't call my name Never an honest word But that was when I ruled the world I hear Jerusalem bells a-ringing Roman Cavalry choirs are singing Be my mirror, my sword and shield My missionaries in a foreign field For some reason I can't explain I know Saint Peter won't call my name Never an honest word But that was when I ruled the world",y
Yellow,Coldplay,"  Look at the stars Look how they shine for you And everything you do Yeah, they were all yellow I came along I wrote a song for you And all the things you do And it was called ""Yellow"" So then I took my turn Oh, what a thing to have done And it was all yellow  Your skin, oh, yeah, your skin and bones Turn into something beautiful Do you know, you know I love you so? You know I love you so  I swam across I jumped across for you Oh, what a thing to do Cause you were all yellow I drew a line I drew a line for you Oh, what a thing to do And it was all yellow  Your skin, oh, yeah, your skin and bones Turn into something beautiful And you know For you I'd bleed myself dry For you I'd bleed myself dry  It's true Look how they shine for you Look how they shine for you Look how they shine for Look how they shine for you Look how they shine for you Look how they shine  Look at the stars Look how they shine for you And all the things that you do",y
42,Coldplay," Those who are dead are not dead They're just living in my head And since I fell for that spell I am living there as well  Time is so short And I'm sure There must be something more Those who are dead are not dead They're just living in my head And since I fell for that spell I am living there as well  Time is so short And I'm sure There must be something more  You thought you might be a ghost! You thought you might be a ghost! You didn't get to heaven but you made it close You didn't get to heaven but you made it close You thought you might be a ghost You thought you might be a ghost You didn’t get to heaven but you made it close You didn’t get to heaven but you oh-oh-ooh, oh-oh-ooh Oh oh…  Those who are dead are not dead They're just living in my head",n
A Head Full Of Dreams,Coldplay,"  Oh, I think I've landed In a world I hadn't seen When I'm feeling ordinary When I don't know what I mean  Oh, I think I've landed Where there are miracles at work For the thirst and for the hunger Come the conference of birds  Saying it's true, it's not what it seems Leave your broken windows open And in the light just streams And you get a head, a head full of dreams You can see the change you want to Be what you want to be And you get a head, a head full of dreams Into life, I’ve just been spoken With a head full, a head full of dreams  Oh, I think I landed Where there are miracles at work When you got me open-handed When you got me lost for words I sing oh-oh-oh A head full of dreams  A head full of dreams Into life I’ve just been woken With a head full, a head full of dreams",n
A Message,Coldplay," My song is love Love to the loveless shown And it goes on You don't have to be alone  Your heavy heart Is made of stone And it's so hard to see you, clearly You don't have to be on your own You don't have to be on your own  And I'm not gonna take it back And I'm not gonna say I don't mean that You're the target that I'm aiming at Can I get that message home?  My song is love My song is love unknown But I'm on fire for you, clearly You don't have to be alone You don't have to be on your own  And I'm not gonna take it back And I'm not gonna say I don't mean that You're the target that I'm aiming at And I'm nothing on my own Got to get that message home  And I'm not gonna stand and wait I'm not gonna leave it until it's much too late On a platform, I'm gonna stand and say That I'm nothing on my own And I love you, please come home  My song is love, is love unknown And I've got to get that message home",n
A Rush Of Blood To The Head,Coldplay," He said I'm gonna buy this place and burn it down I'm gonna put it six feet underground He said I'm gonna buy this place and watch it fall Stand here beside me baby in the crumbling walls Oh, I'm gonna buy this place and start a fire Stand here until I fill all your heart's desires Because I'm gonna buy this place and see it burn And do back the things it did to you in return Oo-oh, Oo-oh Oo-oh, Oo-oh Said I'm gonna buy a gun and start a war If you can tell me something worth fighting for Oh, and I'm gonna buy this place that's what I said Blame it upon a rush of blood to the head  Honey, all the movements you've started to make See me crumble and fall on my face And I know the mistakes that I made See it all disappear without a trace And they call as they beckon you on They said start as you mean to go on Start as you mean to go on  He said I'm gonna buy this place and see it go Stand here beside me baby, watch the orange glow Some will laugh and some just sit and cry But you just sit down there and you wonder why So I'm gonna buy a gun and start a war If you can tell me something worth fighting for And I'm gonna buy this place, that's what I said Blame it upon a rush of blood to the head Oh, to the head, oh  Honey, all the movements you've started to make See me crumble and fall on my face And I know the mistakes that I made See it all disappear without a trace And they call as they beckon you on They said start as you mean to go on As you mean to go on As you mean to go on  So meet me by the bridge Oh, meet me by the lane When am I going to see That pretty face again Meet me on the road Meet me where I said Blame it all upon A rush of blood to the head",n
Always In My Head,Coldplay," I think of you I haven't slept I think I do But I don't forget My body moves Goes where I will But though I try My heart stays still It never moves Just won't be led So my mouth waters to be fed And you're always in my head You're always in my head You're always in my head You're always in my head You're always in my head Always in my Always in my This, I guess Is to tell you you're chosen out From the rest",n
Amazing Day,Coldplay," Sat on a roof, named every star Shed every bruise and showed every scar Sat on a roof, your hand in mine, singing ""Life has a beautiful, crazy design""  And time seemed to say ""Forget the world and all its weight"" Here I just wanna stay Amazing day, amazing day  Sat on a roof, named every star and Showed me a place where you can be who you are  And the view; the whole Milky Way In your eyes, I'm drifting away And in your arms, I just wanna sway Amazing day, amazing day Amazing day, amazing day Oh-oh-oh-oh, oh-oh-oh-oh, oh-oh-oh-oh, oh-oh-oh-oh Oh-oh-oh-oh, oh-oh-oh-oh, oh-oh-oh-oh, oooh  And I asked every book, poetry and chime ""Can there be breaks in the chaos of times?"" Oh, thanks God, you must've heard when I prayed Because now I always want to feel this way  Amazing day, amazing day Amazing day, amazing day Today",n
Amsterdam,Coldplay," Come on, my star is fading And I swerve out of control If I, if I’d only waited I’d not be stuck here in this hole Come here, oh my star is fading And I swerve out of control And I swear I waited and waited I’ve got to get out of this hole  But time is on your side It's on your side now Not pushing you down and all around It’s no cause for concern  Come on, oh my star is fading And I see no chance of release And I know I’m dead on the surface But I am screaming underneath  But time is on your side It's on your side now Not pushing you down and all around It’s no cause for concern  Stuck on the end of this ball and chain And I’m on my way back down again Stood on a bridge, tied to the noose Sick to the stomach You can say what you mean But it won’t change a thing I’m sick of the secrets Stood on the edge, tied to a noose She came along and she cut me loose You came along and you cut me loose You came along and you cut me loose",n
Another's Arms,Coldplay, Late night watching T.V Used to be you here beside me Used to be your arms around me Your body on my body  When the world means nothing to me Another's arms Another's arms When the pain just rips right through me Another's arms Another's arms  Late night watching T.V Used to be you here beside me Is there someone there to reach me? Someone there to find me?  When the pain just rips right through me Another's arms Another's arms And that's just torture to me Another's arms Another's arms Pull yourself into me Another's arms Another's arms When the world means nothing to me Another's arms Another's arms Got to pull you close into me Another's arms Another's arms Pull yourself right through me Another's arms Another's arms  Late night watching T.V Wish that you were here beside me Wish that your arms were around me Your body on my body,n
Army Of One,Coldplay," Been around the world, the wonders to view Been around the world, looking for someone like you Pyramids try, Babylon too But the beautifullest treasures lie in the deepest blue  So I never say die, aim never untrue I'm never so high as when I'm with you And there isn't a fire that I wouldn't walk through My army of one is gonna fight for you  Been around the world, universe too I've been around flying, baby, there's nothing I wouldn't do Tanzaku stars, lasso the moon And be standing here beside you Right when the storm comes through  Cause I never say die, aim never untrue I'm never so high as when I'm with you And there isn't a fire that I wouldn't walk through My army of one is gonna fight for you My army of one is gonna fall for you, yeah  Cause you reign All cause you reign All cause you reign My army of one is gonna call it through  Saying my heart is my gun, army of one Yeah my heart is my gun, army of one It's my only weapon, army of one Yeah my heart is my gun, army of one",n
Careful Where You Stand,Coldplay," I feel safe, I feel warm When you're here, can I do no wrong? I am cured, when I'm by your side I'm all right, I'm all right I am safe when I am with you And I feel warm if you want me to I am cured, when I'm by your side I'm all right  Careful where you stand, my love Careful where you lay your head It's true, we're always Looking out for one another  I feel safe when I am with you And I feel warm when you want me too I am cured when you are around I'm alright  Careful where you stand, my love Careful where you lay your head It's true, we're always Looking out for one another  So I'd like a quiet time, please Yeah I'd like a quiet time Ooh, ah ooh, ah ooh Ooh, ah ooh, ah ooh And careful where you stand And careful where you stand",n
Cemeteries of London,Coldplay," At night they would go walking Till the breaking of the day The morning is for sleeping Through the dark streets they go searching To see God in their own way Save the night time for your weeping Your weeping  Singing la-la-la-la-la-la-lay And the night over London lay  So we rode down to the river Where Victorian ghosts pray For their curses to be broken We go underneath the arches Where the witches are and they say ""There are ghost towns in the ocean"" The ocean  Singing la-la-la-la-la-la-lay And the night over London lay  God is in the houses And God is in my head And all the cemeteries of London I see God come in my garden But I don’t know what he said For my heart it wasn’t open Not open  Singing la-la-la-la-la-la-lay And the night over London lay Singing la-la-la-la-la-la-lay There’s no light over London today",n
Charlie Brown,Coldplay,"Oooo, wooo... Stole a key Took a car downtown where the lost boys meet Took a car downtown and took what they offered me To set me free I saw the lights go down at the end of the scene Saw the lights go down and standing in front of me Oooo... In my scarecrow dreams When they smash my heart into smithereens Be a bright red rose come bursting through concrete Be a cartoon heart Light a fire a fire a spark Light a fire a flame in my heart We’ll run wild We’ll be glowing in the dark Oooo-ooo-ooo We’ll be glowing in the dark A-woo-a-wooooo All the boys, all the girls, all that matters in the world All the boys, all the girls, all the madness that occurs All the highs all the lows, as the room a-spinning goes We’ll run wild, we’ll be glowing in the dark Oooo, oooo, oooo... So we’ll soar Luminous and wired We’ll be glowing in the dark",n
Chinese Sleep Chant,Coldplay," Fall asleep Fall asleep Sleep satisfied Sleep satisfied Fall asleep Fall asleep Sleep satisfied Sleep satisfied  Oh, sleep Sleep Sleep Sleep Sleep Sleep satisfied Sleep satisfied  Fall asleep Fall asleep Sleep crucify Sleep crucify Fall asleep Fall asleep Sleep satisfied Sleep satisfied  Sleep Sleep Sleep Sleep Sleep Sleep satisfied Sleep satisfied",n
Colour Spectrum,Coldplay,  Because each Has been sent As a guide,n
Death And All His Friends,Coldplay," All winter, we got carried Away over on the rooftops, let's get married All summer, we just hurried So come over, just be patient and don’t worry So come over, just be patient and don’t worry So come over, just be patient and don’t worry And don’t worry  No, I don’t wanna battle from beginning to end I don’t want a cycle of recycled revenge I don’t wanna follow Death and all of his friends No, I don’t wanna battle from beginning to end I don’t want a cycle of recycled revenge I don’t wanna follow Death and all of his friends",n
Don't Let It Break Your Heart,Coldplay," And if I lost the map If I lost it all Or fell into the trap Then she'd call  When you're tired of racing and you Found you never left the start Come on baby, don’t let it break your heart  Though heavily we bled Still on we crawl Trying to catch a cannonball And a slow burning tide Through my veins is flowing From my shipwreck I heard her call And she sang  When you're tired of aiming your arrows Still you never hit the mark And even if your aims are shadows Still we're never gonna part Come on baby, don’t let it break your heart  Oh, oh oh, oh oh, oh Don’t let it break your heart Oh, oh oh, oh oh, oh Don’t let it break your heart  Don't let it break your heart",n
Everglow,Coldplay," Oh, they say people come, say people go This particular diamond was extra special And though you might be gone, and the world may not know Still I see you, celestial  Like a lion you ran, a goddess you rolled Like an eagle, you circle, in perfect purple So how come things move on? How come cars don’t slow? When it feels like the end of my world When I should, but I can’t let you go  But when I’m cold, cold When I’m cold, cold There’s a light that you give me when I’m in shadow There’s a feeling you give me, everglow  Like brothers in blood, sisters who ride And we swore on that night we’d be friends 'til we die But the changing of winds, and the way waters flow Life is short as the falling of snow And now, I’m gonna miss you, I know  But when I’m cold, cold In water rolled, salt And I know that you’re with me and the way you will show And you’re with me wherever I go And you give me this feeling, this everglow  Oh, what I wouldn't give for just a moment to hold Yeah, I live for this feeling, this everglow  So if you love someone, you should let them know Oh, the light that you left me will everglow",n
Fly On,Coldplay," A flock of birds Hovering above Just a flock of birds That's how you think of love  And I always Look up to the sky Pray before the dawn Cause they fly always Sometimes they arrive Sometimes they are gone They fly on  A flock of birds Hovering above Into smoke I'm turned and rise Following them up  Still I always Look up to the sky Pray before the dawn Cause they fly away One minute they arrive Next you know they're gone They fly on Fly on  So fly on, ride through Maybe one day I'll fly next to you Fly on, ride through Maybe one day I can fly with you Fly on Fly on",n
Glass of Water,Coldplay," Scared of losing all the time He wrote it in a letter He was a friend of mine He heard you could see your future Inside a glass of water The ripples and the lines And he asked, will I see heaven in mine? That is just the way it was Nothing could be better And nothing ever was Oh, they say you can see your future Inside a glass of water The riddles and the rhymes Will I see heaven in mine?  Son, don't ask Neither half full nor empty Is your glass Cling to the mast Spend your whole life living In the past Going nowhere fast  So he wrote it on a wall The hollowest of halos Is no halo at all Television selling plastic Figurines of leaders Saying nothing at all And you chime, stars in heaven align  Son, don't ask Neither half full nor empty Is your glass Cling to the mast Spend your whole life living In the past Going nowhere fast  And what are we drinking when we're done? Glasses of water",n
God Put A Smile Upon Your Face,Coldplay," Where do we go, nobody knows I've got to say I'm on my way down God give me style and give me grace God put a smile upon my face Where do we go to draw the line I've got to say I wasted all your time Oh honey honey Where do I go to fall from grace God put a smile upon your face yeah  And ah, when you work it out I'm worse than you Yeah, when you work it out I wanted to And ah, when you work out where to draw the line Your guess is as good as mine  Where do we go, nobody knows Don't ever say you're on your way down when God gave you style and gave you grace And put a smile upon your face oh yeah  And ah, when you work it out I'm worse than you Yeah, when you work it out I wanted to And ah, when you work out where to draw the line Your guess is as good as mine  It's as good as mine, It's as good as mine It's as good as mine As good as mine, as good as mine As good as mine, as good as mine  Where do we go, nobody knows Don't ever say you're on your way down when God gave you style and gave you grace And put a smile upon your face",n
Green Eyes,Coldplay," Honey you are a rock upon which I stand And I come here to talk I hope you understand The green eyes Yeah the spotlight, shines upon you And how could anybody deny you  I came here with a load And it feels so much lighter now I've met you And honey you should know That I could never go on without you Green eyes  Honey you are the sea upon which I float And I came here to talk, I think you should know That green eyes You're the one that I wanted to find And anyone who tried to deny you Must be out of their minds  Because I came here with a load And it feels so much lighter since I've met you And honey you should know That I could never go on without you Green eyes Green eyes  Honey you are a rock Upon which I stand",n
Hurts Like Heaven,Coldplay,"  Written in graffiti on a bridge in a park ""Do you ever get the feeling that you’re missing the mark?"" It's so cold it's so cold It's so cold it's so cold Written up in marker on a factory sign ""I struggle with the feeling that my life isn’t mine"" It's so cold it's so cold It's so cold it's so cold See the arrow they shot trying to tear us apart Take the fire from my belly and the beat from my heart Still I won’t let go Still I won’t let go Of you 'Cos you do  Oh you use your heart as a weapon And it hurts like heaven  On every street every car every surface a name Tonight the streets are ours And we’re writing and saying Don’t let em take control No we won’t let em take control Yes I feel a little bit nervous Yes I feel nervous and I cannot relax How come they’re out to get us How come they’re out when they don’t know the facts So on a concrete canvas under cover of dark On a concrete canvas I’ll go making my mark Armed with a spraycan soul I’ll be armed with a spraycan soul And you Oh you  Oh you use your heart as a weapon And it hurts like heaven  Yeah it's true When you Use your heart as a weapon Then it hurts like heaven Oh it hurts like heaven",n
Hypnotised,Coldplay," Been rusting in the rubble Running to a faint Need a brand new coat of paint Found myself in trouble Thinking about what ain't Never gonna be a saint  Saying float like an eagle Fall like the rain Pouring to put out the pain Oh again and again  Now I'm hyp, hypnotised Yeah I trip, when I look in your eyes Oh I'm hyp, hypnotized Yeah I slip and I'm mesmerized  It's easy to be lethal I'm learning from the news It's a guidebook for the blues Saying it's the very same steeple People want to choose They just see it from different views  And threading the needle Fixing my flame Oh now I'm moved to exclaim Oh again, and again  How I'm hyp, hypnotised Yeah I trip, when I look in your eyes Oh I'm hyp, hypnotized Yeah I lift and I'm mesmerized  Oh again, and again Oh I'm hyp, hypnotised Yeah I lift to a permanent high Oh I'm hyp, hypnotised It was dark Now it's sunrise",n
In My Place,Coldplay," In my place, in my place Were lines that I couldn't change I was lost, oh yeah I was lost, I was lost Crossed lines I shouldn't have crossed I was lost, oh yeah  Yeah, how long must you wait for it? Yeah, how long must you pay for it? Yeah, how long must you wait for it? For it  I was scared, I was scared Tired and underprepared But I wait for it And if you go, if you go And leave me down here on my own Well I'll wait for you, yeah  Yeah, how long must you wait for it? Yeah, how long must you pay for it? Yeah, how long must you wait for it? For it  Sing it please, please, please Come back, come sing to me To me, me Come on and sing it out Now, now Come on and sing it out To me, me Come back, come sing it  In my place, in my place Were lines that I couldn't change I was lost, oh yeah Oh, yeah...",n
Kaleidoscope,Coldplay,"  This being human is a guest house Every morning a new arrival A joy, a depression, a meanness Some momentary awareness comes As an unexpected visitor Welcome and entertain them all! Be grateful for whoever comes Because each has been sent as a guide ",n
Life In Technicolor,Coldplay," There's a wild wind blowing Down the corner of my street Every night there, the headlights are glowing There's a cold war coming On the radio, I heard Baby, it's a violent world  Oh, love, don't let me go Won't you take me where the street lights glow? I can hear it coming I can hear the siren sound Now my feet won't touch the ground  Time came a-creeping Oh and time's a loaded gun Every road is a ray of light It goes o-o-o-o-o-o-on Time only can lead you on, still it's Such a beautiful night  Oh, love, don't let me go Won't you take me where the street lights glow? I can hear it coming Like a serenade of sound Now my feet won't touch the ground   Gravity, release me And don't ever hold me down Now my feet won't touch the ground...",n
Lovers in Japan / Reign Of Love,Coldplay,"Lovers In Japan  Lovers keep on the road you're on Runners until the race is run Soldiers, you've got to soldier on Sometimes even the right is wrong  They are turning my head out To see what I'm all about Keeping my head down To see what it feels like now But I have no doubt One day we're gonna get out    Tonight maybe we're gonna run Dreaming of the Osaka sun Ohhhh ohh, ohh... Dreaming of when the morning comes  They are turning my head out To see what I'm all about Keeping my head down To see what it feels like now But I have no doubt One day the sun will come out Reign of Love  Reign of love I can't let go To the sea I offer this heavy load Locust wind Lift me up I'm just a prisoner in a reign of love  Locust wind Here I stop How I wish I'd spoken up To a reign of love  Reign of love by the church we're waiting Reign of love on my knees go praying How I wish I'd spoken up Away get carried on a reign of love",n
M.M.I.X.,Coldplay,,n
Miracles,Coldplay," From up above I heard The angels sing to me these words And sometimes, in your eyes I see the beauty in the world  Oh, now I'm floating so high I blossom and die Send your storm and she lightning to strike Me between the eyes Eyes  Sometimes the stars decide To reflect in puddles in the dirt When I look in your eyes I forget all about what hurts  Oh, now I'm floating so high I blossom and die Send your storm and your lightning to strike Me between the eyes And cry   Oh hey, I'm floating up above the world now Oh hey, I'm floating up above the world now",n
Mylo Xyloto,Coldplay,,n
Oceans,Coldplay," Wait for your call, love The call never came Ready to fall up Ready to claim I'm ready for it all, love Ready for the pain Meet under sun and Meet me again In the rain In the rain In the rain The rain  Behind the walls, love I'm trying to change And I'm ready for it all, love I'm ready for the change Meet me in blue sky Meet me again In the rain The rain, the rain The rain, the rain  Got to find yourself alone in this world To find yourself alone ",n
Prospekt's March,Coldplay,"Smoke is rising from the houses People burying their dead I ask somebody what the time is But time doesn't matter to them yet People talking without speaking Trying to take what they can get I ask you if you remember Prospekt, how could I forget? Drums, here it comes Don't you wish that life can be as simple As fish swimming round in a barrel? When you've got the gun Oh when I run, here it comes We're just two little figures in a soup bowl Trying to get to any kind of control But I wasn't one Now here I lie on my own in a separate sky Here I lie on my own in a separate sky I don't wanna die on my own here tonight But here I lie on my own in a separate sky",n
Rainy Day,Coldplay," Then there was rain The sky wore a veil of gold and gray At night it was the bright of the moon with me Time was just floating on Then there was rain This town's foundations are crumbling To the ground comes a bit of a tumbling And time just floated away We can watch it and stay and we can listen  Oh, rainy day, come round Sometimes I just want it to slow down And we're separated now I'm down But I love it when you come over to the house I love it when you come over to my house  Then there was rain And I spent the night with the Queen of Spain My lonely little heart would've broke again Times were vicious Singing, deeper that the knife goes in the more you win You win but with less than when you begin Deeper that the knife goes in  Oh, rainy day, come round Sometimes I just want it to slow down And we're separated now I'm down But I love it when you come over to the house I love it when you come over to my house",n
See You Soon,Coldplay,"So you lost your trust And you never should have And you never should have But don't break your back If you ever see this But don't answer that In a bulletproof vest With the windows all closed I'll be doing my best I'll see you soon In a telescope lens And when all you want is friends I'll see you soon So they came for you They came snapping at your heels They come snapping at your heels But don't break your back If you ever say this But don't answer that In a bullet proof vest With the windows all closed I'll be doing my best I'll see you soon In a telescope lens And when all you want is friends I'll see you soon I'll see you soon And oh, you lost your trust And oh, you lost your trust No, don't lose your trust And oh, you lost your trust",n
Shiver,Coldplay," So I look in your direction But you pay me no attention, do you? I know you don't listen to me 'Cos you say you see straight through me, don't you? And on and on From the moment I wake, to the moment I sleep I'll be there by your side; just you try and stop me I'll be waiting in line, just to see if you care  Oh…did you want me to change? Well I'll change for good And I want you to know that you'll always get your way I wanted to say…  Don't you shiver Shiver Shiver Sing it loud and clear I'll always be waiting for you  So you know how much I need you But you never even see me, do you? And is this my final chance of getting you? And on and on From the moment I wake, to the moment I sleep I'll be there by your side; just you try and stop me I'll be waiting in line, just to see if you care, if you care  Oh…did you want me to change? Well I'll change for good And I want you to know that you'll always get your way I wanted to say…  Don't you shiver Dont you Shiver Shiver Sing it loud and clear I'll always be waiting for you  Yeah I'll always be waiting for you Yeah I'll always be waiting for you Yeah I'll always be waiting for you, for you I will always be waiting…  And it's you I see but you don't see me And it's you I hear so loud and so clear I sing it loud and clear And I'll always be waiting for you  So I look in your direction But you pay me no attention And you know how much I need you But you never even see me",n
Sparks,Coldplay," Did I drive you away I know what you'll say You'll say, ""oh, sing one we know"" But I promise you this I'll always look out for you That's what I'll do  I say oh I say oh  My heart is yours It's you that I hold on to That's what I do And I know I was wrong But I won't let you down Oh yeah, oh yeah, oh yeah, yeah I will, yes I will  I said oh I cry oh  Yeah I saw sparks Yeah I saw sparks And I saw sparks Yeah I saw sparks Sing it out  La, la, la, la, oh… La, la, la, la, oh… La, la, la, la, oh… La, la, la, la, oh…",n
Spies,Coldplay," I awake to find no peace of mind I said how do you live As a fugitive? Down here, where I cannot see so clear I said what do I know? Show me the right way to go  And the spies came out of the water But you're feeling so bad 'cos you know And the spies hide out in every corner But you can't touch them no 'Cos they're all spies They're all spies  I awake to see that no one is free We're all fugitives - look at the way we live Down here, I cannot sleep from fear, no I said which way do I turn? Oh I forget everything I learn  And the spies came out of the water But you're feeling so bad 'cos you know And the spies hide out in every corner But you can't touch them no 'Cos they're all spies They're all spies  And if we don't hide here They're gonna find us And if we don't hide now They're gonna catch us when we sleep And if we don't hide here They're gonna find us  And the spies came out of the water But you're feeling so bad 'cos you know And the spies hide out in every corner But you can't touch them no 'Cos they're just spies  They're just spies They're just spies They're just spies They're just spies",n
Strawberry Swing,Coldplay,"They were sitting They were sitting on the strawberry swing Every moment was so precious They were sitting They were talking on the strawberry swing Everybody was for fighting Wouldn't wanna waste a thing Cold, cold water Bring me 'round Now my feet won't touch the ground Cold, cold water What ya say? When it's such It's such a perfect day It's such a perfect day I remember We were walking up to strawberry swing I can't wait 'til the morning Wouldn't wanna change a thing People moving all the time Inside a perfectly straight line Don't you wanna just curve away When it's such It's such a perfect day It's such a perfect day Ah… Now the sky could be blue I don't mind Without you it's a waste of time Could be blue I don't mind Without you it's a waste of time Well the sky could be blue Could be grey Without you I'm just miles away Well, the sky could be blue I don't mind Without you it's a waste of time",n
Such A Rush,Coldplay," Such a rush to do nothing at all Such a fuss to do nothing at all Such a rush to do nothing at all  Such a rush to get nowhere at all Such a fuss to do nothing at all Such a rush  And it's just like you said It's just like you said  Such a rush to do nothing at all Such a fuss to get nowhere at all Such a rush, such a rush   So slow down please Just slow down So slow down please Just slow down  Such a rush  Look at all the people Going after money Far too many people Looking for their money Everybody's out there Trying to get money Why can't you just tell me? Trying to get money, rush  Such a rush We all rush Such a rush  Such a rush",n
The Escapist,Coldplay, And in the end We lie awake And we dream of making our escape And in the end We lie awake And we dream of making our escape Oooh...,n
The Scientist,Coldplay," Come up to meet you, tell you I'm sorry You don't know how lovely you are I had to find you, tell you I need you Tell you I set you apart Tell me your secrets, and ask me your questions Oh let's go back to the start Running in circles, coming up tails Heads on a science apart  Nobody said it was easy It's such a shame for us to part Nobody said it was easy No one ever said it would be this hard Oh take me back to the start  I was just guessing at numbers and figures Pulling your puzzles apart Questions of science, science and progress Do not speak as loud as my heart Tell me you love me, come back and haunt me Oh and I rush to the start Running in circles, chasing our tails Coming back as we are  Nobody said it was easy It's such a shame for us to part Nobody said it was easy No one ever said it would be so hard I'm going back to the start",n
True Love,Coldplay," For a second, I was in control I had it once, I lost it though And all along the fire below Would rise  And I wish you could have let me know What's really going on below I've lost you now, you let me go But one last time  Tell me you love me If you don't, then lie Lie to me  Remember once upon a time When I was yours and you were blind The fire would sparkle in your eyes And mine  So tell me you love me If you don't then lie Lie to me Just tell me you love me If you don't then lie Lie to me If you don't then lie Lie to me  And call it true Call it true love Call it true Call it true love ",n
Up & Up,Coldplay," Fixing up a car to drive in it again Searching for the water, hoping for the rain Up and up Up and up Down upon the canvas, working meal to meal Waiting for a chance to pick your orange field Up and up Up and up See a pearl form, a diamond in the rough See a bird soaring high above the flood It's in your blood, It's in your blood Underneath the storm an umbrella is saying Sitting with the poison takes away the pain Up and up Up and up  We’re gonna get it, get it together I know we’re gonna get it, get it together somehow We’re gonna get it, get it together and flower We’re gonna get it, get it together I know, we’re gonna get it, get it together and float We’re gonna get it, get it together and go Up, and up, and up  Lying in the gutter, aiming for the moon Trying to empty out the ocean with a spoon Up and up Up and up How come people suffer? How come people part? How come people struggle? How come people Break your heart? Break your heart? Yes I wanna grow, yes I want to feel Yes I wanna know, show me how to Heal it up, heal it up See the forest there in every seed Angels in the marble waiting to be freed Just need love, Just need love When the going is rough, saying  We’re gonna get it, get it together I know we’re gonna get it, get it together somehow We’re gonna get it, get it together and flower We’re gonna get it, get it together I know, we’re gonna get it, get it together and float We’re gonna get it, get it together and go  And you can say what is, or fight for it Close your mind or take a risk You can say it’s mine and clench your fist Or see each sunrise as a gift  Oh oh oh Oh oh oh Oh oh oh Oh oh oh whoa oh  We’re gonna get it, get it together I know we’re gonna get it, get it together somehow We’re gonna get it, get it together and flower We’re gonna get it, get it together I know, we’re gonna get it, get it together and float We’re gonna get it, get it together and go Up, and up, and We’re gonna get it, get it together I know we’re gonna get it, get it together somehow We’re gonna get it, get it together and flower We’re gonna get it, get it together I know, we’re gonna get it, get it together and float We’re gonna get it, get it together and go Up, and up, and up  Oh oh oh Oh oh whoa oh Oh oh oh Oh oh whoa oh  Fixing up a car to drive in it again When you’re in pain, when you think you’ve had enough Don’t ever give up  Believe in love",n
Up In Flames,Coldplay," So it's over This time I know it's gone Saltwater Tasted it too long I only know I'm wrong Now I know it's gone  Up in flames Up in flames Up in flames We have slowly gone  So it's over This time you're flying on This time I know no song Can stop it's lonely burn Can stop it slowly going  Up in flames Up in flames Up in flames We have slowly gone Up in flames Up in flames Up in flames We have slowly gone Oh, we have slowly gone Can we pour some water on?",n
Up With The Birds,Coldplay,"The birds they sang The break of day Start again I hear them say It's so hard to just walk away The birds they sang All a choir Start again a little higher It's a spark in a sea of grey The sky is blue Dreamed that lie til it's true Then taking back the punch I threw My arms turn wings Oh those clumsy things Send me up to that wonderful world And then I'm up with the birds Might have to go, where they don't know my name Float all over the world just to see her again But I won't show or feel any pain Even though all my armor might rust in the rain A simple plot But I know one day Good things are coming our way A simple plot But I know one day Good things are coming our way Oh yeah!",n
Us Against The World,Coldplay," Oh morning come bursting the clouds, amen Lift off this blindfold, let me see again Bring back the water, let your ships roll in In my heart she left a hole The tightrope that I’m walking just sways and ties The devil as he’s talking with those angel’s eyes And I just want to be there when the lightning strikes And the saints go marching in  And sing Slow it down Through chaos as it swirls It's us against the world  Like a river to a raindrop I lost a friend My drunken hazard Daniel in a lion's den And tonight I know it all has to begin again So whatever you do, don’t let go  If we could float away Fly up to the surface and just start again Lift off before trouble just erodes us in the rain Just erodes us in the rain Just erodes us and see roses in the rain saying  Slow it down Slow it down Through chaos as it swirls It's us against the world  Through chaos as it swirls It's us against the world",n
Warning Sign,Coldplay, A warning sign I missed the good part then I realized I started looking and the bubble burst I started looking for excuses  Come on in I've gotta tell you what a state I'm in I've gotta tell you in my loudest tones That I started looking for a warning sign  When the truth is I miss you Yeah the truth is That I miss you so  A warning sign It came back to haunt me and I realized That you were an island and I passed you by And you were an island to discover  Come on in I've gotta tell you what a state I'm in I've gotta tell you in my loudest tones That I started looking for a warning sign  When the truth is I miss you Yeah the truth is That I miss you so  And I'm tired I should not have let you go So I crawl back into your open arms Yes I crawl back into your open arms And I crawl back into your open arms Yes I crawl back into your open arms,n
We Never Change,Coldplay," I wanna live life and never be cruel I wanna live life and be good to you And I wanna fly and never come down And live my life and have friends around  We never change, do we? no, no We never learn, do we?  So I wanna live in a wooden house I wanna live life and always be true I wanna live life and be good to you And I wanna fly and never come down And live my life and have friends around  We never change, do we? No, no We never learn, do we?  So I wanna live in a wooden house Where making more friends would be easy Oh, and I don't have a soul to save Yes, and I sin every single day  We never change, do we? We never learn, do we?  So I wanna live in a wooden house Where making more friends would be easy I wanna live where the sun comes out",n
White Shadows,Coldplay," When I was a young boy I tried to listen And I wanna feel like that Little white shadows Blink and miss them Part of a system, I am  If you ever feel like something's missing Things you'll never understand Little white shadows Sparkle and glisten Part of a system, a plan  All this noise, I'm waking up All this space, I'm taking up All this sound is breaking up Ohhhhhhhh  Maybe you'll get what you wanted Maybe you'll stumbled upon it Everything you ever wanted In a permanent state Maybe you'll know when you see it Maybe if you say it, you'll mean it And when you find it you'll keep it In a permanent state, a permanent state  When I was a young boy I tried to listen Don't you wanna feel like that? You're part of the human race All of the stars and the outer space Part of the system, a plan  All this noise, I'm waking up All this space I'm taking up I cannot hear, you're breaking up Whooaaaaaaa  Maybe you'll get what you wanted Maybe you'll stumbled upon it Everything you ever wanted In a permanent state Maybe you'll know when you see it Maybe if you say it, you'll mean it And when you find it you'll keep it In a permanent state, a permanent state  Swim out on a sea of faces Tide of the human races Oh, an answer now is what I need... See it in a new sun rising See it break on your horizon Oh, come on love, stay with me...",n
X Marks the Spot,Coldplay," So I race for it  Stare into darkness, staring at doom My heart go boom, b-boom, boom Stare into darkness, admit defeat Coming home and I'm finding no peace  And I know, and I know, and I know I know I'm unlocked And I know, and I know, and I know I know what you've got  So I put my hands up to the sky, feeling like I've got a rocket ship that I wanna ride Put my hands up to the sky, that's alright Wherever you are, I'll find that treasure So I race for it Wherever you are, I'll find that treasure So I race for it  Stare into darkness, staring at doom You make my heart go boom, b-boom, boom Superhero, a masterpiece Been innocent, but a sinner in me  And I know, and I know and I know I know I'm in love And I know, and I know and I know I know when I'm lost  I just put my hands up to the sky, feeling like I've got a rocket ship that I wanna ride Put my hands up to the sky, feeling inside Wherever you are, I'll find that treasure I just put my hands up to the sky, feeling like I've got a rocket, eyes on the prize Put my hands up to the sky, I'm gonna find Wherever you are, I'll find that treasure So I race for it Wherever you are, I'll find that treasure So I race for it, yeah, yeah Wherever you are, I'll find that treasure  So I race for it And I know, and I know, and I know I know what I've got So I race for it, X marks the spot So I put my hands up to the sky, feeling like I've got a rocket ship that I wanna ride Put my hands up to the sky, that's alright Wherever you are, I'll find that treasure So I race for it Wherever you are, I'll find that treasure So I race for it",n
'Til Kingdom Come,Coldplay,"   Steal my heart and hold my tongue I feel my time, my time has come ""Let me in, unlock the door"" I've never felt this way before  And the wheels just keep on turning The drummer begins to drum I don't know which way I'm going I don't know which way I've come  Hold my head inside your hands I need someone who understands I need someone, someone who hears For you, I've waited all these years  For you I'd wait 'til kingdom come Until my day, my day is done And say you'll come and set me free Just say you'll wait, you'll wait for me  In your tears and in your blood In your fire and in your flood I hear you laugh, I heard you sing I wouldn't change a single thing  And the wheels just keep on turning The drummers begin to drum I don't know which way I'm going I don't know what I've become  For you I'd wait 'til kingdom come Until my day, my day is done And say you'll come and set me free Just say you'll wait, you'll wait for me Just say you'll wait, you'll wait for me",n
